file,line,rule_name,category,status,note
wasm-3.0/2.1-validation.types.spectec,14,Numtype_ok,OtherRelationRule,translated_auto_or_partial,
wasm-3.0/2.1-validation.types.spectec,17,Vectype_ok,OtherRelationRule,translated_auto_or_partial,
wasm-3.0/2.1-validation.types.spectec,20,Heaptype_ok/abs,OtherRelationRule,translated_auto_or_partial,
wasm-3.0/2.1-validation.types.spectec,23,Heaptype_ok/typeuse,OtherRelationRule,translated_auto_or_partial,
wasm-3.0/2.1-validation.types.spectec,27,Reftype_ok,OtherRelationRule,translated_auto_or_partial,
wasm-3.0/2.1-validation.types.spectec,31,Valtype_ok/num,OtherRelationRule,translated_auto_or_partial,
wasm-3.0/2.1-validation.types.spectec,35,Valtype_ok/vec,OtherRelationRule,translated_auto_or_partial,
wasm-3.0/2.1-validation.types.spectec,39,Valtype_ok/ref,OtherRelationRule,translated_auto_or_partial,
wasm-3.0/2.1-validation.types.spectec,43,Valtype_ok/bot,OtherRelationRule,translated_auto_or_partial,
wasm-3.0/2.1-validation.types.spectec,52,Resulttype_ok,OtherRelationRule,translated_auto_or_partial,
wasm-3.0/2.1-validation.types.spectec,56,Instrtype_ok,OtherRelationRule,translated_auto_or_partial,
wasm-3.0/2.1-validation.types.spectec,71,Expand,OtherRelationRule,translated_auto_or_partial,
wasm-3.0/2.1-validation.types.spectec,73,Expand_use/deftype,OtherRelationRule,translated_auto_or_partial,
wasm-3.0/2.1-validation.types.spectec,74,Expand_use/typeidx,OtherRelationRule,translated_auto_or_partial,
wasm-3.0/2.1-validation.types.spectec,99,Typeuse_ok/typeidx,OtherRelationRule,translated_auto_or_partial,
wasm-3.0/2.1-validation.types.spectec,103,Typeuse_ok/rec,OtherRelationRule,translated_auto_or_partial,
wasm-3.0/2.1-validation.types.spectec,107,Typeuse_ok/deftype,OtherRelationRule,translated_auto_or_partial,
wasm-3.0/2.1-validation.types.spectec,112,Packtype_ok,OtherRelationRule,translated_auto_or_partial,
wasm-3.0/2.1-validation.types.spectec,115,Storagetype_ok/val,OtherRelationRule,translated_auto_or_partial,
wasm-3.0/2.1-validation.types.spectec,119,Storagetype_ok/pack,OtherRelationRule,translated_auto_or_partial,
wasm-3.0/2.1-validation.types.spectec,123,Fieldtype_ok,OtherRelationRule,translated_auto_or_partial,
wasm-3.0/2.1-validation.types.spectec,128,Comptype_ok/struct,OtherRelationRule,translated_auto_or_partial,
wasm-3.0/2.1-validation.types.spectec,132,Comptype_ok/array,OtherRelationRule,translated_auto_or_partial,
wasm-3.0/2.1-validation.types.spectec,136,Comptype_ok/func,OtherRelationRule,translated_auto_or_partial,
wasm-3.0/2.1-validation.types.spectec,142,Subtype_ok,OtherRelationRule,translated_auto_or_partial,
wasm-3.0/2.1-validation.types.spectec,161,Subtype_ok2,OtherRelationRule,translated_auto_or_partial,
wasm-3.0/2.1-validation.types.spectec,171,Rectype_ok/empty,OtherRelationRule,translated_auto_or_partial,
wasm-3.0/2.1-validation.types.spectec,174,Rectype_ok/cons,OtherRelationRule,translated_auto_or_partial,
wasm-3.0/2.1-validation.types.spectec,179,Rectype_ok/_rec2,OtherRelationRule,translated_auto_or_partial,
wasm-3.0/2.1-validation.types.spectec,183,Rectype_ok2/empty,OtherRelationRule,translated_auto_or_partial,
wasm-3.0/2.1-validation.types.spectec,186,Rectype_ok2/cons,OtherRelationRule,translated_auto_or_partial,
wasm-3.0/2.1-validation.types.spectec,192,Deftype_ok,OtherRelationRule,translated_auto_or_partial,
wasm-3.0/2.1-validation.types.spectec,209,Limits_ok,OtherRelationRule,translated_auto_or_partial,
wasm-3.0/2.1-validation.types.spectec,214,Tagtype_ok,OtherRelationRule,translated_auto_or_partial,
wasm-3.0/2.1-validation.types.spectec,219,Globaltype_ok,OtherRelationRule,translated_auto_or_partial,
wasm-3.0/2.1-validation.types.spectec,223,Memtype_ok,OtherRelationRule,translated_auto_or_partial,
wasm-3.0/2.1-validation.types.spectec,227,Tabletype_ok,OtherRelationRule,translated_auto_or_partial,
wasm-3.0/2.1-validation.types.spectec,233,Externtype_ok/tag,OtherRelationRule,translated_auto_or_partial,
wasm-3.0/2.1-validation.types.spectec,237,Externtype_ok/global,OtherRelationRule,translated_auto_or_partial,
wasm-3.0/2.1-validation.types.spectec,241,Externtype_ok/mem,OtherRelationRule,translated_auto_or_partial,
wasm-3.0/2.1-validation.types.spectec,245,Externtype_ok/table,OtherRelationRule,translated_auto_or_partial,
wasm-3.0/2.1-validation.types.spectec,249,Externtype_ok/func,OtherRelationRule,translated_auto_or_partial,
wasm-3.0/2.2-validation.subtyping.spectec,13,Numtype_sub,OtherRelationRule,translated_auto_or_partial,
wasm-3.0/2.2-validation.subtyping.spectec,16,Vectype_sub,OtherRelationRule,translated_auto_or_partial,
wasm-3.0/2.2-validation.subtyping.spectec,20,Heaptype_sub/refl,OtherRelationRule,translated_auto_or_partial,
wasm-3.0/2.2-validation.subtyping.spectec,23,Heaptype_sub/trans,OtherRelationRule,translated_auto_or_partial,
wasm-3.0/2.2-validation.subtyping.spectec,29,Heaptype_sub/eq-any,OtherRelationRule,translated_auto_or_partial,
wasm-3.0/2.2-validation.subtyping.spectec,32,Heaptype_sub/i31-eq,OtherRelationRule,translated_auto_or_partial,
wasm-3.0/2.2-validation.subtyping.spectec,35,Heaptype_sub/struct-eq,OtherRelationRule,translated_auto_or_partial,
wasm-3.0/2.2-validation.subtyping.spectec,38,Heaptype_sub/array-eq,OtherRelationRule,translated_auto_or_partial,
wasm-3.0/2.2-validation.subtyping.spectec,41,Heaptype_sub/struct,OtherRelationRule,translated_auto_or_partial,
wasm-3.0/2.2-validation.subtyping.spectec,45,Heaptype_sub/array,OtherRelationRule,translated_auto_or_partial,
wasm-3.0/2.2-validation.subtyping.spectec,49,Heaptype_sub/func,OtherRelationRule,translated_auto_or_partial,
wasm-3.0/2.2-validation.subtyping.spectec,53,Heaptype_sub/def,OtherRelationRule,translated_auto_or_partial,
wasm-3.0/2.2-validation.subtyping.spectec,57,Heaptype_sub/typeidx-l,OtherRelationRule,translated_auto_or_partial,
wasm-3.0/2.2-validation.subtyping.spectec,61,Heaptype_sub/typeidx-r,OtherRelationRule,translated_auto_or_partial,
wasm-3.0/2.2-validation.subtyping.spectec,65,Heaptype_sub/rec,OtherRelationRule,translated_auto_or_partial,
wasm-3.0/2.2-validation.subtyping.spectec,69,Heaptype_sub/none,OtherRelationRule,translated_auto_or_partial,
wasm-3.0/2.2-validation.subtyping.spectec,73,Heaptype_sub/nofunc,OtherRelationRule,translated_auto_or_partial,
wasm-3.0/2.2-validation.subtyping.spectec,77,Heaptype_sub/noexn,OtherRelationRule,translated_auto_or_partial,
wasm-3.0/2.2-validation.subtyping.spectec,81,Heaptype_sub/noextern,OtherRelationRule,translated_auto_or_partial,
wasm-3.0/2.2-validation.subtyping.spectec,85,Heaptype_sub/bot,OtherRelationRule,translated_auto_or_partial,
wasm-3.0/2.2-validation.subtyping.spectec,89,Reftype_sub/nonnull,OtherRelationRule,translated_auto_or_partial,
wasm-3.0/2.2-validation.subtyping.spectec,93,Reftype_sub/null,OtherRelationRule,translated_auto_or_partial,
wasm-3.0/2.2-validation.subtyping.spectec,98,Valtype_sub/num,OtherRelationRule,translated_auto_or_partial,
wasm-3.0/2.2-validation.subtyping.spectec,102,Valtype_sub/vec,OtherRelationRule,translated_auto_or_partial,
wasm-3.0/2.2-validation.subtyping.spectec,106,Valtype_sub/ref,OtherRelationRule,translated_auto_or_partial,
wasm-3.0/2.2-validation.subtyping.spectec,110,Valtype_sub/bot,OtherRelationRule,translated_auto_or_partial,
wasm-3.0/2.2-validation.subtyping.spectec,119,Resulttype_sub,OtherRelationRule,translated_auto_or_partial,
wasm-3.0/2.2-validation.subtyping.spectec,123,Instrtype_sub,OtherRelationRule,translated_auto_or_partial,
wasm-3.0/2.2-validation.subtyping.spectec,142,Packtype_sub,OtherRelationRule,translated_auto_or_partial,
wasm-3.0/2.2-validation.subtyping.spectec,146,Storagetype_sub/val,OtherRelationRule,translated_auto_or_partial,
wasm-3.0/2.2-validation.subtyping.spectec,150,Storagetype_sub/pack,OtherRelationRule,translated_auto_or_partial,
wasm-3.0/2.2-validation.subtyping.spectec,155,Fieldtype_sub/const,OtherRelationRule,translated_auto_or_partial,
wasm-3.0/2.2-validation.subtyping.spectec,159,Fieldtype_sub/var,OtherRelationRule,translated_auto_or_partial,
wasm-3.0/2.2-validation.subtyping.spectec,165,Comptype_sub/struct,OtherRelationRule,translated_auto_or_partial,
wasm-3.0/2.2-validation.subtyping.spectec,169,Comptype_sub/array,OtherRelationRule,translated_auto_or_partial,
wasm-3.0/2.2-validation.subtyping.spectec,173,Comptype_sub/func,OtherRelationRule,translated_auto_or_partial,
wasm-3.0/2.2-validation.subtyping.spectec,179,Deftype_sub/refl,OtherRelationRule,translated_auto_or_partial,
wasm-3.0/2.2-validation.subtyping.spectec,183,Deftype_sub/super,OtherRelationRule,translated_auto_or_partial,
wasm-3.0/2.2-validation.subtyping.spectec,199,Limits_sub/max,OtherRelationRule,translated_auto_or_partial,
wasm-3.0/2.2-validation.subtyping.spectec,204,Limits_sub/eps,OtherRelationRule,translated_auto_or_partial,
wasm-3.0/2.2-validation.subtyping.spectec,209,Tagtype_sub,OtherRelationRule,translated_auto_or_partial,
wasm-3.0/2.2-validation.subtyping.spectec,214,Globaltype_sub/const,OtherRelationRule,translated_auto_or_partial,
wasm-3.0/2.2-validation.subtyping.spectec,218,Globaltype_sub/var,OtherRelationRule,translated_auto_or_partial,
wasm-3.0/2.2-validation.subtyping.spectec,223,Memtype_sub,OtherRelationRule,translated_auto_or_partial,
wasm-3.0/2.2-validation.subtyping.spectec,227,Tabletype_sub,OtherRelationRule,translated_auto_or_partial,
wasm-3.0/2.2-validation.subtyping.spectec,234,Externtype_sub/tag,OtherRelationRule,translated_auto_or_partial,
wasm-3.0/2.2-validation.subtyping.spectec,238,Externtype_sub/global,OtherRelationRule,translated_auto_or_partial,
wasm-3.0/2.2-validation.subtyping.spectec,242,Externtype_sub/mem,OtherRelationRule,translated_auto_or_partial,
wasm-3.0/2.2-validation.subtyping.spectec,246,Externtype_sub/table,OtherRelationRule,translated_auto_or_partial,
wasm-3.0/2.2-validation.subtyping.spectec,250,Externtype_sub/func,OtherRelationRule,translated_auto_or_partial,
wasm-3.0/2.3-validation.instructions.spectec,18,Instr_ok/nop,OtherRelationRule,translated_auto_or_partial,
wasm-3.0/2.3-validation.instructions.spectec,21,Instr_ok/unreachable,OtherRelationRule,translated_auto_or_partial,
wasm-3.0/2.3-validation.instructions.spectec,25,Instr_ok/drop,OtherRelationRule,translated_auto_or_partial,
wasm-3.0/2.3-validation.instructions.spectec,29,Instr_ok/select-expl,OtherRelationRule,translated_auto_or_partial,
wasm-3.0/2.3-validation.instructions.spectec,33,Instr_ok/select-impl,OtherRelationRule,translated_auto_or_partial,
wasm-3.0/2.3-validation.instructions.spectec,44,Blocktype_ok/valtype,OtherRelationRule,translated_auto_or_partial,
wasm-3.0/2.3-validation.instructions.spectec,48,Blocktype_ok/typeidx,OtherRelationRule,translated_auto_or_partial,
wasm-3.0/2.3-validation.instructions.spectec,53,Instr_ok/block,OtherRelationRule,translated_auto_or_partial,
wasm-3.0/2.3-validation.instructions.spectec,58,Instr_ok/loop,OtherRelationRule,translated_auto_or_partial,
wasm-3.0/2.3-validation.instructions.spectec,63,Instr_ok/if,OtherRelationRule,translated_auto_or_partial,
wasm-3.0/2.3-validation.instructions.spectec,72,Instr_ok/br,OtherRelationRule,translated_auto_or_partial,
wasm-3.0/2.3-validation.instructions.spectec,77,Instr_ok/br_if,OtherRelationRule,translated_auto_or_partial,
wasm-3.0/2.3-validation.instructions.spectec,81,Instr_ok/br_table,OtherRelationRule,translated_auto_or_partial,
wasm-3.0/2.3-validation.instructions.spectec,87,Instr_ok/br_on_null,OtherRelationRule,translated_auto_or_partial,
wasm-3.0/2.3-validation.instructions.spectec,92,Instr_ok/br_on_non_null,OtherRelationRule,translated_auto_or_partial,
wasm-3.0/2.3-validation.instructions.spectec,96,Instr_ok/br_on_cast,OtherRelationRule,translated_auto_or_partial,
wasm-3.0/2.3-validation.instructions.spectec,104,Instr_ok/br_on_cast_fail,OtherRelationRule,translated_auto_or_partial,
wasm-3.0/2.3-validation.instructions.spectec,115,Instr_ok/call,OtherRelationRule,translated_auto_or_partial,
wasm-3.0/2.3-validation.instructions.spectec,119,Instr_ok/call_ref,OtherRelationRule,translated_auto_or_partial,
wasm-3.0/2.3-validation.instructions.spectec,123,Instr_ok/call_indirect,OtherRelationRule,translated_auto_or_partial,
wasm-3.0/2.3-validation.instructions.spectec,129,Instr_ok/return,OtherRelationRule,translated_auto_or_partial,
wasm-3.0/2.3-validation.instructions.spectec,135,Instr_ok/return_call,OtherRelationRule,translated_auto_or_partial,
wasm-3.0/2.3-validation.instructions.spectec,143,Instr_ok/return_call_ref,OtherRelationRule,translated_auto_or_partial,
wasm-3.0/2.3-validation.instructions.spectec,151,Instr_ok/return_call_indirect,OtherRelationRule,translated_auto_or_partial,
wasm-3.0/2.3-validation.instructions.spectec,166,Instr_ok/throw,OtherRelationRule,translated_auto_or_partial,
wasm-3.0/2.3-validation.instructions.spectec,171,Instr_ok/throw_ref,OtherRelationRule,translated_auto_or_partial,
wasm-3.0/2.3-validation.instructions.spectec,175,Instr_ok/try_table,OtherRelationRule,translated_auto_or_partial,
wasm-3.0/2.3-validation.instructions.spectec,181,Catch_ok/catch,OtherRelationRule,translated_auto_or_partial,
wasm-3.0/2.3-validation.instructions.spectec,186,Catch_ok/catch_ref,OtherRelationRule,translated_auto_or_partial,
wasm-3.0/2.3-validation.instructions.spectec,191,Catch_ok/catch_all,OtherRelationRule,translated_auto_or_partial,
wasm-3.0/2.3-validation.instructions.spectec,195,Catch_ok/catch_all_ref,OtherRelationRule,translated_auto_or_partial,
wasm-3.0/2.3-validation.instructions.spectec,202,Instr_ok/ref.null,OtherRelationRule,translated_auto_or_partial,
wasm-3.0/2.3-validation.instructions.spectec,206,Instr_ok/ref.func,OtherRelationRule,translated_auto_or_partial,
wasm-3.0/2.3-validation.instructions.spectec,211,Instr_ok/ref.i31,OtherRelationRule,translated_auto_or_partial,
wasm-3.0/2.3-validation.instructions.spectec,214,Instr_ok/ref.is_null,OtherRelationRule,translated_auto_or_partial,
wasm-3.0/2.3-validation.instructions.spectec,218,Instr_ok/ref.as_non_null,OtherRelationRule,translated_auto_or_partial,
wasm-3.0/2.3-validation.instructions.spectec,222,Instr_ok/ref.eq,OtherRelationRule,translated_auto_or_partial,
wasm-3.0/2.3-validation.instructions.spectec,225,Instr_ok/ref.test,OtherRelationRule,translated_auto_or_partial,
wasm-3.0/2.3-validation.instructions.spectec,231,Instr_ok/ref.cast,OtherRelationRule,translated_auto_or_partial,
wasm-3.0/2.3-validation.instructions.spectec,240,Instr_ok/i31.get,OtherRelationRule,translated_auto_or_partial,
wasm-3.0/2.3-validation.instructions.spectec,246,Instr_ok/struct.new,OtherRelationRule,translated_auto_or_partial,
wasm-3.0/2.3-validation.instructions.spectec,250,Instr_ok/struct.new_default,OtherRelationRule,translated_auto_or_partial,
wasm-3.0/2.3-validation.instructions.spectec,258,Instr_ok/struct.get,OtherRelationRule,translated_auto_or_partial,
wasm-3.0/2.3-validation.instructions.spectec,264,Instr_ok/struct.set,OtherRelationRule,translated_auto_or_partial,
wasm-3.0/2.3-validation.instructions.spectec,272,Instr_ok/array.new,OtherRelationRule,translated_auto_or_partial,
wasm-3.0/2.3-validation.instructions.spectec,276,Instr_ok/array.new_default,OtherRelationRule,translated_auto_or_partial,
wasm-3.0/2.3-validation.instructions.spectec,281,Instr_ok/array.new_fixed,OtherRelationRule,translated_auto_or_partial,
wasm-3.0/2.3-validation.instructions.spectec,285,Instr_ok/array.new_elem,OtherRelationRule,translated_auto_or_partial,
wasm-3.0/2.3-validation.instructions.spectec,290,Instr_ok/array.new_data,OtherRelationRule,translated_auto_or_partial,
wasm-3.0/2.3-validation.instructions.spectec,296,Instr_ok/array.get,OtherRelationRule,translated_auto_or_partial,
wasm-3.0/2.3-validation.instructions.spectec,301,Instr_ok/array.set,OtherRelationRule,translated_auto_or_partial,
wasm-3.0/2.3-validation.instructions.spectec,305,Instr_ok/array.len,OtherRelationRule,translated_auto_or_partial,
wasm-3.0/2.3-validation.instructions.spectec,308,Instr_ok/array.fill,OtherRelationRule,translated_auto_or_partial,
wasm-3.0/2.3-validation.instructions.spectec,312,Instr_ok/array.copy,OtherRelationRule,translated_auto_or_partial,
wasm-3.0/2.3-validation.instructions.spectec,318,Instr_ok/array.init_elem,OtherRelationRule,translated_auto_or_partial,
wasm-3.0/2.3-validation.instructions.spectec,323,Instr_ok/array.init_data,OtherRelationRule,translated_auto_or_partial,
wasm-3.0/2.3-validation.instructions.spectec,332,Instr_ok/extern.convert_any,OtherRelationRule,translated_auto_or_partial,
wasm-3.0/2.3-validation.instructions.spectec,336,Instr_ok/any.convert_extern,OtherRelationRule,translated_auto_or_partial,
wasm-3.0/2.3-validation.instructions.spectec,343,Instr_ok/local.get,OtherRelationRule,translated_auto_or_partial,
wasm-3.0/2.3-validation.instructions.spectec,347,Instr_ok/local.set,OtherRelationRule,translated_auto_or_partial,
wasm-3.0/2.3-validation.instructions.spectec,351,Instr_ok/local.tee,OtherRelationRule,translated_auto_or_partial,
wasm-3.0/2.3-validation.instructions.spectec,358,Instr_ok/global.get,OtherRelationRule,translated_auto_or_partial,
wasm-3.0/2.3-validation.instructions.spectec,362,Instr_ok/global.set,OtherRelationRule,translated_auto_or_partial,
wasm-3.0/2.3-validation.instructions.spectec,369,Instr_ok/table.get,OtherRelationRule,translated_auto_or_partial,
wasm-3.0/2.3-validation.instructions.spectec,373,Instr_ok/table.set,OtherRelationRule,translated_auto_or_partial,
wasm-3.0/2.3-validation.instructions.spectec,377,Instr_ok/table.size,OtherRelationRule,translated_auto_or_partial,
wasm-3.0/2.3-validation.instructions.spectec,381,Instr_ok/table.grow,OtherRelationRule,translated_auto_or_partial,
wasm-3.0/2.3-validation.instructions.spectec,385,Instr_ok/table.fill,OtherRelationRule,translated_auto_or_partial,
wasm-3.0/2.3-validation.instructions.spectec,389,Instr_ok/table.copy,OtherRelationRule,translated_auto_or_partial,
wasm-3.0/2.3-validation.instructions.spectec,395,Instr_ok/table.init,OtherRelationRule,translated_auto_or_partial,
wasm-3.0/2.3-validation.instructions.spectec,401,Instr_ok/elem.drop,OtherRelationRule,translated_auto_or_partial,
wasm-3.0/2.3-validation.instructions.spectec,410,Memarg_ok,OtherRelationRule,translated_auto_or_partial,
wasm-3.0/2.3-validation.instructions.spectec,416,Instr_ok/memory.size,OtherRelationRule,translated_auto_or_partial,
wasm-3.0/2.3-validation.instructions.spectec,420,Instr_ok/memory.grow,OtherRelationRule,translated_auto_or_partial,
wasm-3.0/2.3-validation.instructions.spectec,424,Instr_ok/memory.fill,OtherRelationRule,translated_auto_or_partial,
wasm-3.0/2.3-validation.instructions.spectec,428,Instr_ok/memory.copy,OtherRelationRule,translated_auto_or_partial,
wasm-3.0/2.3-validation.instructions.spectec,433,Instr_ok/memory.init,OtherRelationRule,translated_auto_or_partial,
wasm-3.0/2.3-validation.instructions.spectec,438,Instr_ok/data.drop,OtherRelationRule,translated_auto_or_partial,
wasm-3.0/2.3-validation.instructions.spectec,443,Instr_ok/load,OtherRelationRule,translated_auto_or_partial,
wasm-3.0/2.3-validation.instructions.spectec,451,Instr_ok/load-val,OtherRelationRule,translated_auto_or_partial,
wasm-3.0/2.3-validation.instructions.spectec,456,Instr_ok/load-pack,OtherRelationRule,translated_auto_or_partial,
wasm-3.0/2.3-validation.instructions.spectec,462,Instr_ok/store,OtherRelationRule,translated_auto_or_partial,
wasm-3.0/2.3-validation.instructions.spectec,470,Instr_ok/store-val,OtherRelationRule,translated_auto_or_partial,
wasm-3.0/2.3-validation.instructions.spectec,475,Instr_ok/store-pack,OtherRelationRule,translated_auto_or_partial,
wasm-3.0/2.3-validation.instructions.spectec,480,Instr_ok/vload-val,OtherRelationRule,translated_auto_or_partial,
wasm-3.0/2.3-validation.instructions.spectec,485,Instr_ok/vload-pack,OtherRelationRule,translated_auto_or_partial,
wasm-3.0/2.3-validation.instructions.spectec,490,Instr_ok/vload-splat,OtherRelationRule,translated_auto_or_partial,
wasm-3.0/2.3-validation.instructions.spectec,495,Instr_ok/vload-zero,OtherRelationRule,translated_auto_or_partial,
wasm-3.0/2.3-validation.instructions.spectec,500,Instr_ok/vload_lane,OtherRelationRule,translated_auto_or_partial,
wasm-3.0/2.3-validation.instructions.spectec,506,Instr_ok/vstore,OtherRelationRule,translated_auto_or_partial,
wasm-3.0/2.3-validation.instructions.spectec,511,Instr_ok/vstore_lane,OtherRelationRule,translated_auto_or_partial,
wasm-3.0/2.3-validation.instructions.spectec,520,Instr_ok/const,OtherRelationRule,translated_auto_or_partial,
wasm-3.0/2.3-validation.instructions.spectec,523,Instr_ok/unop,OtherRelationRule,translated_auto_or_partial,
wasm-3.0/2.3-validation.instructions.spectec,526,Instr_ok/binop,OtherRelationRule,translated_auto_or_partial,
wasm-3.0/2.3-validation.instructions.spectec,529,Instr_ok/testop,OtherRelationRule,translated_auto_or_partial,
wasm-3.0/2.3-validation.instructions.spectec,532,Instr_ok/relop,OtherRelationRule,translated_auto_or_partial,
wasm-3.0/2.3-validation.instructions.spectec,535,Instr_ok/cvtop,OtherRelationRule,translated_auto_or_partial,
wasm-3.0/2.3-validation.instructions.spectec,541,Instr_ok/vconst,OtherRelationRule,translated_auto_or_partial,
wasm-3.0/2.3-validation.instructions.spectec,544,Instr_ok/vvunop,OtherRelationRule,translated_auto_or_partial,
wasm-3.0/2.3-validation.instructions.spectec,547,Instr_ok/vvbinop,OtherRelationRule,translated_auto_or_partial,
wasm-3.0/2.3-validation.instructions.spectec,550,Instr_ok/vvternop,OtherRelationRule,translated_auto_or_partial,
wasm-3.0/2.3-validation.instructions.spectec,553,Instr_ok/vvtestop,OtherRelationRule,translated_auto_or_partial,
wasm-3.0/2.3-validation.instructions.spectec,556,Instr_ok/vunop,OtherRelationRule,translated_auto_or_partial,
wasm-3.0/2.3-validation.instructions.spectec,559,Instr_ok/vbinop,OtherRelationRule,translated_auto_or_partial,
wasm-3.0/2.3-validation.instructions.spectec,562,Instr_ok/vternop,OtherRelationRule,translated_auto_or_partial,
wasm-3.0/2.3-validation.instructions.spectec,565,Instr_ok/vtestop,OtherRelationRule,translated_auto_or_partial,
wasm-3.0/2.3-validation.instructions.spectec,568,Instr_ok/vrelop,OtherRelationRule,translated_auto_or_partial,
wasm-3.0/2.3-validation.instructions.spectec,571,Instr_ok/vshiftop,OtherRelationRule,translated_auto_or_partial,
wasm-3.0/2.3-validation.instructions.spectec,574,Instr_ok/vbitmask,OtherRelationRule,translated_auto_or_partial,
wasm-3.0/2.3-validation.instructions.spectec,577,Instr_ok/vswizzlop,OtherRelationRule,translated_auto_or_partial,
wasm-3.0/2.3-validation.instructions.spectec,580,Instr_ok/vshuffle,OtherRelationRule,translated_auto_or_partial,
wasm-3.0/2.3-validation.instructions.spectec,584,Instr_ok/vsplat,OtherRelationRule,translated_auto_or_partial,
wasm-3.0/2.3-validation.instructions.spectec,587,Instr_ok/vextract_lane,OtherRelationRule,translated_auto_or_partial,
wasm-3.0/2.3-validation.instructions.spectec,591,Instr_ok/vreplace_lane,OtherRelationRule,translated_auto_or_partial,
wasm-3.0/2.3-validation.instructions.spectec,595,Instr_ok/vextunop,OtherRelationRule,translated_auto_or_partial,
wasm-3.0/2.3-validation.instructions.spectec,598,Instr_ok/vextbinop,OtherRelationRule,translated_auto_or_partial,
wasm-3.0/2.3-validation.instructions.spectec,601,Instr_ok/vextternop,OtherRelationRule,translated_auto_or_partial,
wasm-3.0/2.3-validation.instructions.spectec,604,Instr_ok/vnarrow,OtherRelationRule,translated_auto_or_partial,
wasm-3.0/2.3-validation.instructions.spectec,607,Instr_ok/vcvtop,OtherRelationRule,translated_auto_or_partial,
wasm-3.0/2.3-validation.instructions.spectec,613,Instrs_ok/empty,OtherRelationRule,translated_auto_or_partial,
wasm-3.0/2.3-validation.instructions.spectec,617,Instrs_ok/seq,OtherRelationRule,translated_auto_or_partial,
wasm-3.0/2.3-validation.instructions.spectec,623,Instrs_ok/sub,OtherRelationRule,translated_auto_or_partial,
wasm-3.0/2.3-validation.instructions.spectec,630,Instrs_ok/frame,OtherRelationRule,translated_auto_or_partial,
wasm-3.0/2.3-validation.instructions.spectec,638,Expr_ok,OtherRelationRule,translated_auto_or_partial,
wasm-3.0/2.3-validation.instructions.spectec,649,Instr_const/const,OtherRelationRule,translated_auto_or_partial,
wasm-3.0/2.3-validation.instructions.spectec,652,Instr_const/vconst,OtherRelationRule,translated_auto_or_partial,
wasm-3.0/2.3-validation.instructions.spectec,655,Instr_const/ref.null,OtherRelationRule,translated_auto_or_partial,
wasm-3.0/2.3-validation.instructions.spectec,658,Instr_const/ref.i31,OtherRelationRule,translated_auto_or_partial,
wasm-3.0/2.3-validation.instructions.spectec,661,Instr_const/ref.func,OtherRelationRule,translated_auto_or_partial,
wasm-3.0/2.3-validation.instructions.spectec,664,Instr_const/struct.new,OtherRelationRule,translated_auto_or_partial,
wasm-3.0/2.3-validation.instructions.spectec,667,Instr_const/struct.new_default,OtherRelationRule,translated_auto_or_partial,
wasm-3.0/2.3-validation.instructions.spectec,670,Instr_const/array.new,OtherRelationRule,translated_auto_or_partial,
wasm-3.0/2.3-validation.instructions.spectec,673,Instr_const/array.new_default,OtherRelationRule,translated_auto_or_partial,
wasm-3.0/2.3-validation.instructions.spectec,676,Instr_const/array.new_fixed,OtherRelationRule,translated_auto_or_partial,
wasm-3.0/2.3-validation.instructions.spectec,679,Instr_const/any.convert_extern,OtherRelationRule,translated_auto_or_partial,
wasm-3.0/2.3-validation.instructions.spectec,682,Instr_const/extern.convert_any,OtherRelationRule,translated_auto_or_partial,
wasm-3.0/2.3-validation.instructions.spectec,685,Instr_const/global.get,OtherRelationRule,translated_auto_or_partial,
wasm-3.0/2.3-validation.instructions.spectec,689,Instr_const/binop,OtherRelationRule,translated_auto_or_partial,
wasm-3.0/2.3-validation.instructions.spectec,695,Expr_const,OtherRelationRule,translated_auto_or_partial,
wasm-3.0/2.3-validation.instructions.spectec,699,Expr_ok_const,OtherRelationRule,translated_auto_or_partial,
wasm-3.0/2.4-validation.modules.spectec,20,Type_ok,OtherRelationRule,translated_auto_or_partial,
wasm-3.0/2.4-validation.modules.spectec,26,Tag_ok,OtherRelationRule,translated_auto_or_partial,
wasm-3.0/2.4-validation.modules.spectec,30,Global_ok,OtherRelationRule,translated_auto_or_partial,
wasm-3.0/2.4-validation.modules.spectec,36,Mem_ok,OtherRelationRule,translated_auto_or_partial,
wasm-3.0/2.4-validation.modules.spectec,40,Table_ok,OtherRelationRule,translated_auto_or_partial,
wasm-3.0/2.4-validation.modules.spectec,46,Local_ok/set,OtherRelationRule,translated_auto_or_partial,
wasm-3.0/2.4-validation.modules.spectec,50,Local_ok/unset,OtherRelationRule,translated_auto_or_partial,
wasm-3.0/2.4-validation.modules.spectec,54,Func_ok,OtherRelationRule,translated_auto_or_partial,
wasm-3.0/2.4-validation.modules.spectec,61,Data_ok,OtherRelationRule,translated_auto_or_partial,
wasm-3.0/2.4-validation.modules.spectec,65,Elem_ok,OtherRelationRule,translated_auto_or_partial,
wasm-3.0/2.4-validation.modules.spectec,71,Datamode_ok/passive,OtherRelationRule,translated_auto_or_partial,
wasm-3.0/2.4-validation.modules.spectec,74,Datamode_ok/active,OtherRelationRule,translated_auto_or_partial,
wasm-3.0/2.4-validation.modules.spectec,79,Elemmode_ok/passive,OtherRelationRule,translated_auto_or_partial,
wasm-3.0/2.4-validation.modules.spectec,82,Elemmode_ok/declare,OtherRelationRule,translated_auto_or_partial,
wasm-3.0/2.4-validation.modules.spectec,85,Elemmode_ok/active,OtherRelationRule,translated_auto_or_partial,
wasm-3.0/2.4-validation.modules.spectec,91,Start_ok,OtherRelationRule,translated_auto_or_partial,
wasm-3.0/2.4-validation.modules.spectec,102,Import_ok,OtherRelationRule,translated_auto_or_partial,
wasm-3.0/2.4-validation.modules.spectec,106,Export_ok,OtherRelationRule,translated_auto_or_partial,
wasm-3.0/2.4-validation.modules.spectec,111,Externidx_ok/tag,OtherRelationRule,translated_auto_or_partial,
wasm-3.0/2.4-validation.modules.spectec,115,Externidx_ok/global,OtherRelationRule,translated_auto_or_partial,
wasm-3.0/2.4-validation.modules.spectec,119,Externidx_ok/mem,OtherRelationRule,translated_auto_or_partial,
wasm-3.0/2.4-validation.modules.spectec,123,Externidx_ok/table,OtherRelationRule,translated_auto_or_partial,
wasm-3.0/2.4-validation.modules.spectec,127,Externidx_ok/func,OtherRelationRule,translated_auto_or_partial,
wasm-3.0/2.4-validation.modules.spectec,143,Module_ok,OtherRelationRule,translated_auto_or_partial,
wasm-3.0/2.4-validation.modules.spectec,172,Types_ok/empty,OtherRelationRule,translated_auto_or_partial,
wasm-3.0/2.4-validation.modules.spectec,175,Types_ok/cons,OtherRelationRule,translated_auto_or_partial,
wasm-3.0/2.4-validation.modules.spectec,180,Globals_ok/empty,OtherRelationRule,translated_auto_or_partial,
wasm-3.0/2.4-validation.modules.spectec,183,Globals_ok/cons,OtherRelationRule,translated_auto_or_partial,
wasm-3.0/4.1-execution.values.spectec,15,Defaultable,OtherRelationRule,translated_auto_or_partial,
wasm-3.0/4.1-execution.values.spectec,18,Nondefaultable,OtherRelationRule,translated_auto_or_partial,
wasm-3.0/4.1-execution.values.spectec,28,Num_ok,OtherRelationRule,translated_auto_or_partial,
wasm-3.0/4.1-execution.values.spectec,31,Vec_ok,OtherRelationRule,translated_auto_or_partial,
wasm-3.0/4.1-execution.values.spectec,35,Ref_ok/null,OtherRelationRule,translated_auto_or_partial,
wasm-3.0/4.1-execution.values.spectec,39,Ref_ok/i31,OtherRelationRule,translated_auto_or_partial,
wasm-3.0/4.1-execution.values.spectec,42,Ref_ok/struct,OtherRelationRule,translated_auto_or_partial,
wasm-3.0/4.1-execution.values.spectec,46,Ref_ok/array,OtherRelationRule,translated_auto_or_partial,
wasm-3.0/4.1-execution.values.spectec,50,Ref_ok/func,OtherRelationRule,translated_auto_or_partial,
wasm-3.0/4.1-execution.values.spectec,54,Ref_ok/exn,OtherRelationRule,translated_auto_or_partial,
wasm-3.0/4.1-execution.values.spectec,58,Ref_ok/host,OtherRelationRule,translated_auto_or_partial,
wasm-3.0/4.1-execution.values.spectec,61,Ref_ok/extern,OtherRelationRule,translated_auto_or_partial,
wasm-3.0/4.1-execution.values.spectec,65,Ref_ok/sub,OtherRelationRule,translated_auto_or_partial,
wasm-3.0/4.1-execution.values.spectec,71,Val_ok/num,OtherRelationRule,translated_auto_or_partial,
wasm-3.0/4.1-execution.values.spectec,75,Val_ok/vec,OtherRelationRule,translated_auto_or_partial,
wasm-3.0/4.1-execution.values.spectec,79,Val_ok/ref,OtherRelationRule,translated_auto_or_partial,
wasm-3.0/4.1-execution.values.spectec,88,Externaddr_ok/tag,OtherRelationRule,translated_auto_or_partial,
wasm-3.0/4.1-execution.values.spectec,92,Externaddr_ok/global,OtherRelationRule,translated_auto_or_partial,
wasm-3.0/4.1-execution.values.spectec,96,Externaddr_ok/mem,OtherRelationRule,translated_auto_or_partial,
wasm-3.0/4.1-execution.values.spectec,100,Externaddr_ok/table,OtherRelationRule,translated_auto_or_partial,
wasm-3.0/4.1-execution.values.spectec,104,Externaddr_ok/func,OtherRelationRule,translated_auto_or_partial,
wasm-3.0/4.1-execution.values.spectec,108,Externaddr_ok/sub,OtherRelationRule,translated_auto_or_partial,
wasm-3.0/4.3-execution.instructions.spectec,13,Step/pure,Step,translated_auto_or_partial,
wasm-3.0/4.3-execution.instructions.spectec,17,Step/read,Step,translated_auto_or_partial,
wasm-3.0/4.3-execution.instructions.spectec,21,Steps/refl,Steps,translated_auto_or_partial,
wasm-3.0/4.3-execution.instructions.spectec,24,Steps/trans,Steps,not_translated_auto,Skipped in translate_reld when premise references Step family.
wasm-3.0/4.3-execution.instructions.spectec,32,Step/ctxt-instrs,Step,translated_auto_heat_cool,Generated as heat/cool rules in output.maude.
wasm-3.0/4.3-execution.instructions.spectec,37,Step/ctxt-label,Step,translated_auto_heat_cool,Generated as heat/cool rules in output.maude.
wasm-3.0/4.3-execution.instructions.spectec,41,Step/ctxt-handler,Step,translated_auto_heat_cool,Generated as heat/cool rules in output.maude.
wasm-3.0/4.3-execution.instructions.spectec,45,Step/ctxt-frame,Step,translated_auto_heat_cool,Generated as heat/cool rules in output.maude.
wasm-3.0/4.3-execution.instructions.spectec,52,Step_pure/unreachable,Step_pure,translated_auto_or_partial,
wasm-3.0/4.3-execution.instructions.spectec,55,Step_pure/nop,Step_pure,translated_auto_or_partial,
wasm-3.0/4.3-execution.instructions.spectec,58,Step_pure/drop,Step_pure,translated_auto_or_partial,
wasm-3.0/4.3-execution.instructions.spectec,62,Step_pure/select-true,Step_pure,translated_auto_or_partial,
wasm-3.0/4.3-execution.instructions.spectec,66,Step_pure/select-false,Step_pure,translated_auto_or_partial,
wasm-3.0/4.3-execution.instructions.spectec,77,Step_read/block,Step_read,translated_auto_or_partial,
wasm-3.0/4.3-execution.instructions.spectec,81,Step_read/loop,Step_read,translated_auto_or_partial,
wasm-3.0/4.3-execution.instructions.spectec,85,Step_pure/if-true,Step_pure,translated_auto_or_partial,
wasm-3.0/4.3-execution.instructions.spectec,89,Step_pure/if-false,Step_pure,translated_auto_or_partial,
wasm-3.0/4.3-execution.instructions.spectec,94,Step_pure/label-vals,Step_pure,translated_auto_or_partial,
wasm-3.0/4.3-execution.instructions.spectec,101,Step_pure/br-label-zero,Step_pure,translated_auto_or_partial,
wasm-3.0/4.3-execution.instructions.spectec,105,Step_pure/br-label-succ,Step_pure,translated_auto_or_partial,
wasm-3.0/4.3-execution.instructions.spectec,109,Step_pure/br-handler,Step_pure,translated_auto_or_partial,
wasm-3.0/4.3-execution.instructions.spectec,113,Step_pure/br_if-true,Step_pure,translated_auto_or_partial,
wasm-3.0/4.3-execution.instructions.spectec,117,Step_pure/br_if-false,Step_pure,translated_auto_or_partial,
wasm-3.0/4.3-execution.instructions.spectec,122,Step_pure/br_table-lt,Step_pure,translated_auto_or_partial,
wasm-3.0/4.3-execution.instructions.spectec,126,Step_pure/br_table-ge,Step_pure,translated_auto_or_partial,
wasm-3.0/4.3-execution.instructions.spectec,131,Step_pure/br_on_null-null,Step_pure,translated_auto_or_partial,
wasm-3.0/4.3-execution.instructions.spectec,135,Step_pure/br_on_null-addr,Step_pure,translated_auto_or_partial,
wasm-3.0/4.3-execution.instructions.spectec,140,Step_pure/br_on_non_null-null,Step_pure,translated_auto_or_partial,
wasm-3.0/4.3-execution.instructions.spectec,144,Step_pure/br_on_non_null-addr,Step_pure,translated_auto_or_partial,
wasm-3.0/4.3-execution.instructions.spectec,149,Step_read/br_on_cast-succeed,Step_read,translated_auto_or_partial,
wasm-3.0/4.3-execution.instructions.spectec,155,Step_read/br_on_cast-fail,Step_read,translated_auto_or_partial,
wasm-3.0/4.3-execution.instructions.spectec,160,Step_read/br_on_cast_fail-succeed,Step_read,translated_auto_or_partial,
wasm-3.0/4.3-execution.instructions.spectec,166,Step_read/br_on_cast_fail-fail,Step_read,translated_auto_or_partial,
wasm-3.0/4.3-execution.instructions.spectec,173,Step_read/call,Step_read,translated_auto_or_partial,
wasm-3.0/4.3-execution.instructions.spectec,177,Step_read/call_ref-null,Step_read,translated_auto_or_partial,
wasm-3.0/4.3-execution.instructions.spectec,180,Step_read/call_ref-func,Step_read,not_translated_auto,Manual rule exists in wasm-exec.maude due relational Expand premise.
wasm-3.0/4.3-execution.instructions.spectec,189,Step_read/return_call,Step_read,translated_auto_or_partial,
wasm-3.0/4.3-execution.instructions.spectec,194,Step_read/return_call_ref-label,Step_read,translated_auto_or_partial,
wasm-3.0/4.3-execution.instructions.spectec,197,Step_read/return_call_ref-handler,Step_read,translated_auto_or_partial,
wasm-3.0/4.3-execution.instructions.spectec,200,Step_read/return_call_ref-frame-null,Step_read,translated_auto_or_partial,
wasm-3.0/4.3-execution.instructions.spectec,203,Step_read/return_call_ref-frame-addr,Step_read,translated_auto_or_partial,
wasm-3.0/4.3-execution.instructions.spectec,209,Step_pure/call_indirect,Step_pure,translated_auto_or_partial,
wasm-3.0/4.3-execution.instructions.spectec,212,Step_pure/return_call_indirect,Step_pure,translated_auto_or_partial,
wasm-3.0/4.3-execution.instructions.spectec,216,Step_pure/frame-vals,Step_pure,translated_auto_or_partial,
wasm-3.0/4.3-execution.instructions.spectec,219,Step_pure/return-frame,Step_pure,translated_auto_or_partial,
wasm-3.0/4.3-execution.instructions.spectec,222,Step_pure/return-label,Step_pure,translated_auto_or_partial,
wasm-3.0/4.3-execution.instructions.spectec,225,Step_pure/return-handler,Step_pure,translated_auto_or_partial,
wasm-3.0/4.3-execution.instructions.spectec,231,Step/throw,Step,translated_auto_or_partial,
wasm-3.0/4.3-execution.instructions.spectec,237,Step_read/throw_ref-null,Step_read,translated_auto_or_partial,
wasm-3.0/4.3-execution.instructions.spectec,240,Step_read/throw_ref-instrs,Step_read,translated_auto_or_partial,
wasm-3.0/4.3-execution.instructions.spectec,245,Step_read/throw_ref-label,Step_read,translated_auto_or_partial,
wasm-3.0/4.3-execution.instructions.spectec,248,Step_read/throw_ref-frame,Step_read,translated_auto_or_partial,
wasm-3.0/4.3-execution.instructions.spectec,251,Step_read/throw_ref-handler-empty,Step_read,translated_auto_or_partial,
wasm-3.0/4.3-execution.instructions.spectec,254,Step_read/throw_ref-handler-catch,Step_read,translated_auto_or_partial,
wasm-3.0/4.3-execution.instructions.spectec,260,Step_read/throw_ref-handler-catch_ref,Step_read,translated_auto_or_partial,
wasm-3.0/4.3-execution.instructions.spectec,266,Step_read/throw_ref-handler-catch_all,Step_read,translated_auto_or_partial,
wasm-3.0/4.3-execution.instructions.spectec,269,Step_read/throw_ref-handler-catch_all_ref,Step_read,translated_auto_or_partial,
wasm-3.0/4.3-execution.instructions.spectec,272,Step_read/throw_ref-handler-next,Step_read,translated_auto_or_partial,
wasm-3.0/4.3-execution.instructions.spectec,277,Step_read/try_table,Step_read,translated_auto_or_partial,
wasm-3.0/4.3-execution.instructions.spectec,283,Step_pure/handler-vals,Step_pure,translated_auto_or_partial,
wasm-3.0/4.3-execution.instructions.spectec,289,Step_pure/trap-instrs,Step_pure,translated_auto_or_partial,
wasm-3.0/4.3-execution.instructions.spectec,293,Step_pure/trap-label,Step_pure,translated_auto_or_partial,
wasm-3.0/4.3-execution.instructions.spectec,296,Step_pure/trap-handler,Step_pure,translated_auto_or_partial,
wasm-3.0/4.3-execution.instructions.spectec,299,Step_pure/trap-frame,Step_pure,translated_auto_or_partial,
wasm-3.0/4.3-execution.instructions.spectec,305,Step_read/local.get,Step_read,translated_auto_or_partial,
wasm-3.0/4.3-execution.instructions.spectec,309,Step/local.set,Step,translated_auto_or_partial,
wasm-3.0/4.3-execution.instructions.spectec,312,Step_pure/local.tee,Step_pure,translated_auto_or_partial,
wasm-3.0/4.3-execution.instructions.spectec,318,Step_read/global.get,Step_read,translated_auto_or_partial,
wasm-3.0/4.3-execution.instructions.spectec,322,Step/global.set,Step,translated_auto_or_partial,
wasm-3.0/4.3-execution.instructions.spectec,328,Step_read/table.get-oob,Step_read,translated_auto_or_partial,
wasm-3.0/4.3-execution.instructions.spectec,332,Step_read/table.get-val,Step_read,translated_auto_or_partial,
wasm-3.0/4.3-execution.instructions.spectec,336,Step/table.set-oob,Step,translated_auto_or_partial,
wasm-3.0/4.3-execution.instructions.spectec,340,Step/table.set-val,Step,translated_auto_or_partial,
wasm-3.0/4.3-execution.instructions.spectec,345,Step_read/table.size,Step_read,translated_auto_or_partial,
wasm-3.0/4.3-execution.instructions.spectec,351,Step/table.grow-succeed,Step,translated_auto_or_partial,
wasm-3.0/4.3-execution.instructions.spectec,356,Step/table.grow-fail,Step,translated_auto_or_partial,
wasm-3.0/4.3-execution.instructions.spectec,360,Step_read/table.fill-oob,Step_read,translated_auto_or_partial,
wasm-3.0/4.3-execution.instructions.spectec,364,Step_read/table.fill-zero,Step_read,translated_auto_or_partial,
wasm-3.0/4.3-execution.instructions.spectec,369,Step_read/table.fill-succ,Step_read,translated_auto_or_partial,
wasm-3.0/4.3-execution.instructions.spectec,376,Step_read/table.copy-oob,Step_read,translated_auto_or_partial,
wasm-3.0/4.3-execution.instructions.spectec,381,Step_read/table.copy-zero,Step_read,translated_auto_or_partial,
wasm-3.0/4.3-execution.instructions.spectec,386,Step_read/table.copy-le,Step_read,translated_auto_or_partial,
wasm-3.0/4.3-execution.instructions.spectec,393,Step_read/table.copy-gt,Step_read,translated_auto_or_partial,
wasm-3.0/4.3-execution.instructions.spectec,400,Step_read/table.init-oob,Step_read,translated_auto_or_partial,
wasm-3.0/4.3-execution.instructions.spectec,405,Step_read/table.init-zero,Step_read,translated_auto_or_partial,
wasm-3.0/4.3-execution.instructions.spectec,410,Step_read/table.init-succ,Step_read,translated_auto_or_partial,
wasm-3.0/4.3-execution.instructions.spectec,417,Step/elem.drop,Step,translated_auto_or_partial,
wasm-3.0/4.3-execution.instructions.spectec,423,Step_read/load-num-oob,Step_read,translated_auto_or_partial,
wasm-3.0/4.3-execution.instructions.spectec,428,Step_read/load-num-val,Step_read,translated_auto_or_partial,
wasm-3.0/4.3-execution.instructions.spectec,433,Step_read/load-pack-oob,Step_read,translated_auto_or_partial,
wasm-3.0/4.3-execution.instructions.spectec,438,Step_read/load-pack-val,Step_read,translated_auto_or_partial,
wasm-3.0/4.3-execution.instructions.spectec,443,Step_read/vload-oob,Step_read,translated_auto_or_partial,
wasm-3.0/4.3-execution.instructions.spectec,447,Step_read/vload-val,Step_read,translated_auto_or_partial,
wasm-3.0/4.3-execution.instructions.spectec,452,Step_read/vload-pack-oob,Step_read,translated_auto_or_partial,
wasm-3.0/4.3-execution.instructions.spectec,456,Step_read/vload-pack-val,Step_read,translated_auto_or_partial,
wasm-3.0/4.3-execution.instructions.spectec,464,Step_read/vload-splat-oob,Step_read,translated_auto_or_partial,
wasm-3.0/4.3-execution.instructions.spectec,468,Step_read/vload-splat-val,Step_read,translated_auto_or_partial,
wasm-3.0/4.3-execution.instructions.spectec,477,Step_read/vload-zero-oob,Step_read,translated_auto_or_partial,
wasm-3.0/4.3-execution.instructions.spectec,481,Step_read/vload-zero-val,Step_read,translated_auto_or_partial,
wasm-3.0/4.3-execution.instructions.spectec,488,Step_read/vload_lane-oob,Step_read,translated_auto_or_partial,
wasm-3.0/4.3-execution.instructions.spectec,492,Step_read/vload_lane-val,Step_read,translated_auto_or_partial,
wasm-3.0/4.3-execution.instructions.spectec,501,Step/store-num-oob,Step,translated_auto_or_partial,
wasm-3.0/4.3-execution.instructions.spectec,506,Step/store-num-val,Step,translated_auto_or_partial,
wasm-3.0/4.3-execution.instructions.spectec,512,Step/store-pack-oob,Step,translated_auto_or_partial,
wasm-3.0/4.3-execution.instructions.spectec,517,Step/store-pack-val,Step,translated_auto_or_partial,
wasm-3.0/4.3-execution.instructions.spectec,523,Step/vstore-oob,Step,translated_auto_or_partial,
wasm-3.0/4.3-execution.instructions.spectec,528,Step/vstore-val,Step,translated_auto_or_partial,
wasm-3.0/4.3-execution.instructions.spectec,534,Step/vstore_lane-oob,Step,translated_auto_or_partial,
wasm-3.0/4.3-execution.instructions.spectec,539,Step/vstore_lane-val,Step,translated_auto_or_partial,
wasm-3.0/4.3-execution.instructions.spectec,547,Step_read/memory.size,Step_read,translated_auto_or_partial,
wasm-3.0/4.3-execution.instructions.spectec,553,Step/memory.grow-succeed,Step,translated_auto_or_partial,
wasm-3.0/4.3-execution.instructions.spectec,558,Step/memory.grow-fail,Step,translated_auto_or_partial,
wasm-3.0/4.3-execution.instructions.spectec,562,Step_read/memory.fill-oob,Step_read,translated_auto_or_partial,
wasm-3.0/4.3-execution.instructions.spectec,566,Step_read/memory.fill-zero,Step_read,translated_auto_or_partial,
wasm-3.0/4.3-execution.instructions.spectec,571,Step_read/memory.fill-succ,Step_read,translated_auto_or_partial,
wasm-3.0/4.3-execution.instructions.spectec,578,Step_read/memory.copy-oob,Step_read,translated_auto_or_partial,
wasm-3.0/4.3-execution.instructions.spectec,583,Step_read/memory.copy-zero,Step_read,translated_auto_or_partial,
wasm-3.0/4.3-execution.instructions.spectec,588,Step_read/memory.copy-le,Step_read,translated_auto_or_partial,
wasm-3.0/4.3-execution.instructions.spectec,595,Step_read/memory.copy-gt,Step_read,translated_auto_or_partial,
wasm-3.0/4.3-execution.instructions.spectec,602,Step_read/memory.init-oob,Step_read,translated_auto_or_partial,
wasm-3.0/4.3-execution.instructions.spectec,607,Step_read/memory.init-zero,Step_read,translated_auto_or_partial,
wasm-3.0/4.3-execution.instructions.spectec,612,Step_read/memory.init-succ,Step_read,translated_auto_or_partial,
wasm-3.0/4.3-execution.instructions.spectec,619,Step/data.drop,Step,translated_auto_or_partial,
wasm-3.0/4.3-execution.instructions.spectec,625,Step_read/ref.null-idx,Step_read,translated_auto_or_partial,
wasm-3.0/4.3-execution.instructions.spectec,628,Step_read/ref.func,Step_read,translated_auto_or_partial,
wasm-3.0/4.3-execution.instructions.spectec,631,Step_pure/ref.i31,Step_pure,translated_auto_or_partial,
wasm-3.0/4.3-execution.instructions.spectec,635,Step_pure/ref.is_null-true,Step_pure,translated_auto_or_partial,
wasm-3.0/4.3-execution.instructions.spectec,639,Step_pure/ref.is_null-false,Step_pure,translated_auto_or_partial,
wasm-3.0/4.3-execution.instructions.spectec,644,Step_pure/ref.as_non_null-null,Step_pure,translated_auto_or_partial,
wasm-3.0/4.3-execution.instructions.spectec,648,Step_pure/ref.as_non_null-addr,Step_pure,translated_auto_or_partial,
wasm-3.0/4.3-execution.instructions.spectec,653,Step_pure/ref.eq-null,Step_pure,translated_auto_or_partial,
wasm-3.0/4.3-execution.instructions.spectec,657,Step_pure/ref.eq-true,Step_pure,translated_auto_or_partial,
wasm-3.0/4.3-execution.instructions.spectec,662,Step_pure/ref.eq-false,Step_pure,translated_auto_or_partial,
wasm-3.0/4.3-execution.instructions.spectec,667,Step_read/ref.test-true,Step_read,translated_auto_or_partial,
wasm-3.0/4.3-execution.instructions.spectec,673,Step_read/ref.test-false,Step_read,translated_auto_or_partial,
wasm-3.0/4.3-execution.instructions.spectec,678,Step_read/ref.cast-succeed,Step_read,translated_auto_or_partial,
wasm-3.0/4.3-execution.instructions.spectec,684,Step_read/ref.cast-fail,Step_read,translated_auto_or_partial,
wasm-3.0/4.3-execution.instructions.spectec,691,Step_pure/i31.get-null,Step_pure,translated_auto_or_partial,
wasm-3.0/4.3-execution.instructions.spectec,694,Step_pure/i31.get-num,Step_pure,translated_auto_or_partial,
wasm-3.0/4.3-execution.instructions.spectec,700,Step/struct.new,Step,translated_auto_or_partial,
wasm-3.0/4.3-execution.instructions.spectec,706,Step_read/struct.new_default,Step_read,translated_auto_or_partial,
wasm-3.0/4.3-execution.instructions.spectec,712,Step_read/struct.get-null,Step_read,translated_auto_or_partial,
wasm-3.0/4.3-execution.instructions.spectec,715,Step_read/struct.get-struct,Step_read,translated_auto_or_partial,
wasm-3.0/4.3-execution.instructions.spectec,721,Step/struct.set-null,Step,translated_auto_or_partial,
wasm-3.0/4.3-execution.instructions.spectec,724,Step/struct.set-struct,Step,translated_auto_or_partial,
wasm-3.0/4.3-execution.instructions.spectec,732,Step_pure/array.new,Step_pure,translated_auto_or_partial,
wasm-3.0/4.3-execution.instructions.spectec,735,Step_read/array.new_default,Step_read,translated_auto_or_partial,
wasm-3.0/4.3-execution.instructions.spectec,740,Step/array.new_fixed,Step,translated_auto_or_partial,
wasm-3.0/4.3-execution.instructions.spectec,748,Step_read/array.new_elem-oob,Step_read,translated_auto_or_partial,
wasm-3.0/4.3-execution.instructions.spectec,752,Step_read/array.new_elem-alloc,Step_read,translated_auto_or_partial,
wasm-3.0/4.3-execution.instructions.spectec,758,Step_read/array.new_data-oob,Step_read,translated_auto_or_partial,
wasm-3.0/4.3-execution.instructions.spectec,765,Step_read/array.new_data-num,Step_read,translated_auto_or_partial,
wasm-3.0/4.3-execution.instructions.spectec,772,Step_read/array.get-null,Step_read,translated_auto_or_partial,
wasm-3.0/4.3-execution.instructions.spectec,775,Step_read/array.get-oob,Step_read,translated_auto_or_partial,
wasm-3.0/4.3-execution.instructions.spectec,779,Step_read/array.get-array,Step_read,translated_auto_or_partial,
wasm-3.0/4.3-execution.instructions.spectec,785,Step/array.set-null,Step,translated_auto_or_partial,
wasm-3.0/4.3-execution.instructions.spectec,788,Step/array.set-oob,Step,translated_auto_or_partial,
wasm-3.0/4.3-execution.instructions.spectec,792,Step/array.set-array,Step,translated_auto_or_partial,
wasm-3.0/4.3-execution.instructions.spectec,798,Step_read/array.len-null,Step_read,translated_auto_or_partial,
wasm-3.0/4.3-execution.instructions.spectec,801,Step_read/array.len-array,Step_read,translated_auto_or_partial,
wasm-3.0/4.3-execution.instructions.spectec,805,Step_read/array.fill-null,Step_read,translated_auto_or_partial,
wasm-3.0/4.3-execution.instructions.spectec,808,Step_read/array.fill-oob,Step_read,translated_auto_or_partial,
wasm-3.0/4.3-execution.instructions.spectec,812,Step_read/array.fill-zero,Step_read,translated_auto_or_partial,
wasm-3.0/4.3-execution.instructions.spectec,817,Step_read/array.fill-succ,Step_read,translated_auto_or_partial,
wasm-3.0/4.3-execution.instructions.spectec,823,Step_read/array.copy-null1,Step_read,translated_auto_or_partial,
wasm-3.0/4.3-execution.instructions.spectec,826,Step_read/array.copy-null2,Step_read,translated_auto_or_partial,
wasm-3.0/4.3-execution.instructions.spectec,829,Step_read/array.copy-oob1,Step_read,translated_auto_or_partial,
wasm-3.0/4.3-execution.instructions.spectec,834,Step_read/array.copy-oob2,Step_read,translated_auto_or_partial,
wasm-3.0/4.3-execution.instructions.spectec,839,Step_read/array.copy-zero,Step_read,translated_auto_or_partial,
wasm-3.0/4.3-execution.instructions.spectec,845,Step_read/array.copy-le,Step_read,translated_auto_or_partial,
wasm-3.0/4.3-execution.instructions.spectec,857,Step_read/array.copy-gt,Step_read,translated_auto_or_partial,
wasm-3.0/4.3-execution.instructions.spectec,869,Step_read/array.init_elem-null,Step_read,translated_auto_or_partial,
wasm-3.0/4.3-execution.instructions.spectec,872,Step_read/array.init_elem-oob1,Step_read,translated_auto_or_partial,
wasm-3.0/4.3-execution.instructions.spectec,877,Step_read/array.init_elem-oob2,Step_read,translated_auto_or_partial,
wasm-3.0/4.3-execution.instructions.spectec,882,Step_read/array.init_elem-zero,Step_read,translated_auto_or_partial,
wasm-3.0/4.3-execution.instructions.spectec,888,Step_read/array.init_elem-succ,Step_read,translated_auto_or_partial,
wasm-3.0/4.3-execution.instructions.spectec,897,Step_read/array.init_data-null,Step_read,translated_auto_or_partial,
wasm-3.0/4.3-execution.instructions.spectec,900,Step_read/array.init_data-oob1,Step_read,translated_auto_or_partial,
wasm-3.0/4.3-execution.instructions.spectec,905,Step_read/array.init_data-oob2,Step_read,translated_auto_or_partial,
wasm-3.0/4.3-execution.instructions.spectec,911,Step_read/array.init_data-zero,Step_read,translated_auto_or_partial,
wasm-3.0/4.3-execution.instructions.spectec,918,Step_read/array.init_data-num,Step_read,translated_auto_or_partial,
wasm-3.0/4.3-execution.instructions.spectec,930,Step_pure/extern.convert_any-null,Step_pure,translated_auto_or_partial,
wasm-3.0/4.3-execution.instructions.spectec,933,Step_pure/extern.convert_any-addr,Step_pure,translated_auto_or_partial,
wasm-3.0/4.3-execution.instructions.spectec,937,Step_pure/any.convert_extern-null,Step_pure,translated_auto_or_partial,
wasm-3.0/4.3-execution.instructions.spectec,940,Step_pure/any.convert_extern-addr,Step_pure,translated_auto_or_partial,
wasm-3.0/4.3-execution.instructions.spectec,946,Step_pure/unop-val,Step_pure,translated_auto_or_partial,
wasm-3.0/4.3-execution.instructions.spectec,950,Step_pure/unop-trap,Step_pure,translated_auto_or_partial,
wasm-3.0/4.3-execution.instructions.spectec,955,Step_pure/binop-val,Step_pure,translated_auto_or_partial,
wasm-3.0/4.3-execution.instructions.spectec,959,Step_pure/binop-trap,Step_pure,translated_auto_or_partial,
wasm-3.0/4.3-execution.instructions.spectec,964,Step_pure/testop,Step_pure,translated_auto_or_partial,
wasm-3.0/4.3-execution.instructions.spectec,968,Step_pure/relop,Step_pure,translated_auto_or_partial,
wasm-3.0/4.3-execution.instructions.spectec,973,Step_pure/cvtop-val,Step_pure,translated_auto_or_partial,
wasm-3.0/4.3-execution.instructions.spectec,977,Step_pure/cvtop-trap,Step_pure,translated_auto_or_partial,
wasm-3.0/4.3-execution.instructions.spectec,984,Step_pure/vvunop,Step_pure,translated_auto_or_partial,
wasm-3.0/4.3-execution.instructions.spectec,989,Step_pure/vvbinop,Step_pure,translated_auto_or_partial,
wasm-3.0/4.3-execution.instructions.spectec,994,Step_pure/vvternop,Step_pure,translated_auto_or_partial,
wasm-3.0/4.3-execution.instructions.spectec,1000,Step_pure/vvtestop,Step_pure,translated_auto_or_partial,
wasm-3.0/4.3-execution.instructions.spectec,1005,Step_pure/vunop-val,Step_pure,translated_auto_or_partial,
wasm-3.0/4.3-execution.instructions.spectec,1009,Step_pure/vunop-trap,Step_pure,translated_auto_or_partial,
wasm-3.0/4.3-execution.instructions.spectec,1014,Step_pure/vbinop-val,Step_pure,translated_auto_or_partial,
wasm-3.0/4.3-execution.instructions.spectec,1018,Step_pure/vbinop-trap,Step_pure,translated_auto_or_partial,
wasm-3.0/4.3-execution.instructions.spectec,1023,Step_pure/vternop-val,Step_pure,translated_auto_or_partial,
wasm-3.0/4.3-execution.instructions.spectec,1027,Step_pure/vternop-trap,Step_pure,translated_auto_or_partial,
wasm-3.0/4.3-execution.instructions.spectec,1032,Step_pure/vtestop,Step_pure,translated_auto_or_partial,
wasm-3.0/4.3-execution.instructions.spectec,1038,Step_pure/vrelop,Step_pure,translated_auto_or_partial,
wasm-3.0/4.3-execution.instructions.spectec,1043,Step_pure/vshiftop,Step_pure,translated_auto_or_partial,
wasm-3.0/4.3-execution.instructions.spectec,1048,Step_pure/vbitmask,Step_pure,translated_auto_or_partial,
wasm-3.0/4.3-execution.instructions.spectec,1053,Step_pure/vswizzlop,Step_pure,translated_auto_or_partial,
wasm-3.0/4.3-execution.instructions.spectec,1058,Step_pure/vshuffle,Step_pure,translated_auto_or_partial,
wasm-3.0/4.3-execution.instructions.spectec,1063,Step_pure/vsplat,Step_pure,translated_auto_or_partial,
wasm-3.0/4.3-execution.instructions.spectec,1068,Step_pure/vextract_lane-num,Step_pure,translated_auto_or_partial,
wasm-3.0/4.3-execution.instructions.spectec,1072,Step_pure/vextract_lane-pack,Step_pure,translated_auto_or_partial,
wasm-3.0/4.3-execution.instructions.spectec,1077,Step_pure/vreplace_lane,Step_pure,translated_auto_or_partial,
wasm-3.0/4.3-execution.instructions.spectec,1083,Step_pure/vextunop,Step_pure,translated_auto_or_partial,
wasm-3.0/4.3-execution.instructions.spectec,1088,Step_pure/vextbinop,Step_pure,translated_auto_or_partial,
wasm-3.0/4.3-execution.instructions.spectec,1093,Step_pure/vextternop,Step_pure,translated_auto_or_partial,
wasm-3.0/4.3-execution.instructions.spectec,1099,Step_pure/vnarrow,Step_pure,translated_auto_or_partial,
wasm-3.0/4.3-execution.instructions.spectec,1104,Step_pure/vcvtop,Step_pure,translated_auto_or_partial,
wasm-3.0/4.3-execution.instructions.spectec,1113,Eval_expr,Eval_expr,translated_auto_or_partial,
